building,mean,min,max,sum
building_a,106.91375,34.83,186.62,76977.9
building_b,80.29911111111112,26.67,141.5,57815.36
building_c,89.09466666666667,29.14,155.64,64148.16
